epoch,step,train/loss_epoch,train/loss_step,train/lr,train/tv_epoch,train/tv_step
0,99,,0.09993408620357513,1.485000302636763e-05,,0.09993408620357513
0,199,,0.13440878689289093,2.985000355693046e-05,,0.13440878689289093
0,299,,0.16295604407787323,4.485000317799859e-05,,0.16295604407787323
0,399,,0.15339899063110352,5.985000098007731e-05,,0.15339899063110352
0,499,,0.14287567138671875,7.485000242013484e-05,,0.14287567138671875
0,599,,0.13125580549240112,8.985000022221357e-05,,0.13125580549240112
0,699,,0.0940849557518959,0.0001048500053002499,,0.0940849557518959
0,799,,0.05438302084803581,0.00011985000310232863,,0.05438302084803581
0,899,,0.10585719347000122,0.00013485000818036497,,0.10585719347000122
0,999,,0.16696369647979736,0.0001498500059824437,,0.16696369647979736
0,1099,,0.10738346725702286,0.00016485000378452241,,0.10738346725702286
0,1199,,0.007768072187900543,0.00017985000158660114,,0.007768072187900543
0,1299,,0.1902027130126953,0.00019484999938867986,,0.1902027130126953
0,1399,,0.12295005470514297,0.00020984999719075859,,0.12295005470514297
0,1499,,0.016725152730941772,0.0002248499949928373,,0.016725152730941772
0,1599,,0.011526287533342838,0.00023985000734683126,,0.011526287533342838
0,1699,,0.04228255897760391,0.00025484999059699476,,0.04228255897760391
0,1799,,0.09767961502075195,0.0002698499883990735,,0.09767961502075195
0,1899,,0.18289537727832794,0.0002848499862011522,,0.18289537727832794
0,1999,,0.09097197651863098,0.0002998500131070614,,0.09097197651863098
0,2099,,0.13739651441574097,0.00029999687103554606,,0.13739651441574097
0,2199,,0.09501185268163681,0.00029998732497915626,,0.09501185268163681
0,2299,,0.11332277208566666,0.00029997137608006597,,0.11332277208566666
0,2399,,0.10987358540296555,0.0002999490243382752,,0.10987358540296555
0,2499,,0.15474122762680054,0.00029992026975378394,,0.15474122762680054
0,2599,,0.05647829920053482,0.0002998851123265922,,0.05647829920053482
0,2699,,0.10218490660190582,0.00029984358116053045,,0.10218490660190582
0,2799,,0.06916280090808868,0.00029979561804793775,,0.06916280090808868
0,2899,,0.11333812028169632,0.00029974128119647503,,0.11333812028169632
0,2999,,0.10255920886993408,0.0002996805415023118,,0.10255920886993408
0,3099,,0.08880598843097687,0.0002996134280692786,,0.08880598843097687
0,3199,,0.1365911364555359,0.0002995399117935449,,0.1365911364555359
0,3299,,0.06335513293743134,0.00029946002177894115,,0.06335513293743134
0,3399,,0.0779932364821434,0.00029937372892163694,,0.0779932364821434
0,3499,,0.13908518850803375,0.0002992810623254627,,0.13908518850803375
0,3599,,0.05468949303030968,0.0002991820510942489,,0.05468949303030968
0,3699,,0.08062390983104706,0.0002990766370203346,,0.08062390983104706
0,3799,,0.05677725002169609,0.00029896487831138074,,0.05677725002169609
0,3899,,0.04613908380270004,0.0002988467749673873,,0.04613908380270004
0,3999,,0.06378791481256485,0.00029872229788452387,,0.06378791481256485
0,4099,,0.07195683568716049,0.0002985914470627904,,0.07195683568716049
0,4199,,0.0660480335354805,0.0002984542807098478,,0.0660480335354805
0,4299,,0.04956855997443199,0.00029831076972186565,,0.04956855997443199
0,4399,,0.04098863527178764,0.0002981609432026744,,0.04098863527178764
0,4499,,0.07449286431074142,0.00029800477204844356,,0.07449286431074142
0,4599,,0.020750824362039566,0.0002978422853630036,,0.020750824362039566
0,4699,,0.05582573264837265,0.00029767348314635456,,0.05582573264837265
0,4799,,0.05996046960353851,0.00029749839450232685,,0.05996046960353851
0,4899,,0.011462809517979622,0.00029731699032709,,0.011462809517979622
0,4999,,0.0226682648062706,0.00029712929972447455,,0.0226682648062706
0,5099,,0.07191483676433563,0.0002969353517983109,,0.07191483676433563
0,5199,,0.027289973571896553,0.0002967350883409381,,0.027289973571896553
0,5299,,0.08183622360229492,0.00029652859666384757,,0.08183622360229492
0,5399,,0.0517289862036705,0.00029631584766320884,,0.0517289862036705
0,5499,,0.06160697713494301,0.0002960968413390219,,0.06160697713494301
0,5599,,0.05967049300670624,0.0002958715776912868,,0.05967049300670624
0,5699,,0.0511506013572216,0.0002956401149276644,,0.0511506013572216
0,5799,,0.047358810901641846,0.00029540242394432425,,0.047358810901641846
0,5899,,0.005870599765330553,0.0002951585338450968,,0.005870599765330553
0,5999,,0.029825225472450256,0.0002949084446299821,,0.029825225472450256
0,6099,,0.06878881901502609,0.0002946521562989801,,0.06878881901502609
0,6199,,0.0690523013472557,0.00029438972705975175,,0.0690523013472557
0,6299,,0.07028266787528992,0.0002941210987046361,,0.07028266787528992
0,6399,,0.08305364847183228,0.0002938463294412941,,0.08305364847183228
0,6499,,0.04696660861372948,0.0002935654192697257,,0.04696660861372948
0,6599,,0.09885716438293457,0.00029327839729376137,,0.09885716438293457
0,6699,,0.06840916723012924,0.0002929852344095707,,0.06840916723012924
0,6799,,0.060415882617235184,0.0002926859597209841,,0.060415882617235184
0,6899,,0.054586831480264664,0.0002923806314356625,,0.054586831480264664
0,6999,,0.03180795907974243,0.000292069191345945,,0.03180795907974243
0,7099,,0.0785055011510849,0.0002917516976594925,,0.0785055011510849
0,7199,,0.0871395468711853,0.00029142817948013544,,0.0871395468711853
0,7299,,0.0408046692609787,0.00029109857860021293,,0.0408046692609787
0,7399,,0.08205448091030121,0.00029076298233121634,,0.08205448091030121
0,7499,,0.030651021748781204,0.00029042139067314565,,0.030651021748781204
0,7599,,0.08161866664886475,0.0002900737745221704,,0.08161866664886475
0,7699,,0.052298691123723984,0.00028972019208595157,,0.052298691123723984
0,7799,,0.008534630760550499,0.0002893606433644891,,0.008534630760550499
0,7899,,0.0731862336397171,0.0002889951574616134,,0.0731862336397171
0,7999,,0.09460973739624023,0.0002886237343773246,,0.09460973739624023
0,8099,,0.0645904690027237,0.00028824640321545303,,0.0645904690027237
0,8199,,0.03540797531604767,0.0002878631348721683,,0.03540797531604767
0,8299,,0.04025900363922119,0.0002874740166589618,,0.04025900363922119
0,8399,,0.04220665246248245,0.000287079019472003,,0.04220665246248245
0,8499,,0.03760647028684616,0.0002866781724151224,,0.03760647028684616
0,8599,,0.04289058595895767,0.00028627150459215045,,0.04289058595895767
0,8699,,0.06820867955684662,0.00028585901600308716,,0.06820867955684662
0,8799,,0.0339554101228714,0.00028544070664793253,,0.0339554101228714
0,8899,,0.0039120884612202644,0.00028501663473434746,,0.0039120884612202644
0,8999,,0.06994450092315674,0.00028458680026233196,,0.06994450092315674
0,9099,,0.009218184277415276,0.0002841512323357165,,0.009218184277415276
0,9199,,0.011714508756995201,0.00028370993095450103,,0.011714508756995201
0,9299,,0.05338216572999954,0.0002832628961186856,,0.05338216572999954
0,9399,,0.038282547146081924,0.00028281021513976157,,0.038282547146081924
0,9499,,0.050471898168325424,0.000282351829810068,,0.050471898168325424
0,9599,,0.03451687842607498,0.0002818878274410963,,0.03451687842607498
0,9699,,0.0847451239824295,0.000281418178929016,,0.0847451239824295
0,9799,,0.054305028170347214,0.000280942942481488,,0.054305028170347214
0,9899,,0.01948721520602703,0.00028046208899468184,,0.01948721520602703
0,9999,,0.0050339060835540295,0.00027997567667625844,,0.0050339060835540295
0,10099,,0.005601951852440834,0.0002794837346300483,,0.005601951852440834
0,10199,,0.04223734885454178,0.0002789862628560513,,0.04223734885454178
0,10299,,0.0026483957190066576,0.00027848329045809805,,0.0026483957190066576
0,10399,,0.05961757153272629,0.00027797481743618846,,0.05961757153272629
0,10499,,0.01610398106276989,0.00027746090199798346,,0.01610398106276989
0,10599,,0.006736448034644127,0.00027694154414348304,,0.006736448034644127
0,10699,,0.005331189371645451,0.0002764167438726872,,0.005331189371645451
0,10799,,0.04651384800672531,0.00027588658849708736,,0.04651384800672531
0,10899,,0.09624892473220825,0.000275351048912853,,0.09624892473220825
0,10999,,0.04201897233724594,0.0002748101542238146,,0.04201897233724594
0,11099,,0.052128542214632034,0.00027426393353380263,,0.052128542214632034
0,11199,,0.05252968519926071,0.0002737124159466475,,0.05252968519926071
0,11299,,0.05220923572778702,0.0002731556014623493,,0.05220923572778702
0,11399,,0.0025444934144616127,0.00027259354828856885,,0.0025444934144616127
0,11499,,0.04334460198879242,0.00027202628552913666,,0.04334460198879242
0,11599,,0.025626108050346375,0.00027145378408022225,,0.025626108050346375
0,11699,,0.05231747031211853,0.000270876131253317,,0.05231747031211853
0,11799,,0.05866527557373047,0.00027029329794459045,,0.05866527557373047
0,11899,,0.07317699491977692,0.0002697053423617035,,0.07317699491977692
0,11999,,0.033037833869457245,0.00026911229360848665,,0.033037833869457245
0,12099,,0.004902551881968975,0.00026851415168493986,,0.004902551881968975
0,12199,,0.0034154863096773624,0.0002679109456948936,,0.0034154863096773624
0,12299,,0.07263867557048798,0.0002673027047421783,,0.07263867557048798
0,12399,,0.008988408371806145,0.00026668948703445494,,0.008988408371806145
0,12499,,0.019649546593427658,0.000266071263467893,,0.019649546593427658
0,12599,,0.07601240277290344,0.0002654481213539839,,0.07601240277290344
0,12699,,0.05890706181526184,0.0002648200315888971,,0.05890706181526184
0,12799,,0.05115658789873123,0.0002641870523802936,,0.05115658789873123
0,12899,,0.057349711656570435,0.0002635491837281734,,0.057349711656570435
0,12999,,0.016113562509417534,0.0002629065129440278,,0.016113562509417534
0,13099,,0.054055362939834595,0.0002622589818201959,,0.054055362939834595
0,13199,,0.019818581640720367,0.0002616067067719996,,0.019818581640720367
0,13299,,0.0029677837155759335,0.0002609496295917779,,0.0029677837155759335
0,13399,,0.0018421157728880644,0.0002602878666948527,,0.0018421157728880644
0,13499,,0.03300367668271065,0.00025962135987356305,,0.03300367668271065
0,13599,,0.06561676412820816,0.0002589501964394003,,0.06561676412820816
0,13699,,0.04236024245619774,0.00025827440549619496,,0.04236024245619774
0,13799,,0.046524472534656525,0.0002575939579401165,,0.046524472534656525
0,13899,,0.02276052162051201,0.0002569089410826564,,0.02276052162051201
0,13999,,0.04380252957344055,0.000256219384027645,,0.04380252957344055
0,14099,,0.056887365877628326,0.00025552528677508235,,0.056887365877628326
0,14199,,0.06485681235790253,0.0002548266784287989,,0.06485681235790253
0,14299,,0.004871703218668699,0.0002541236171964556,,0.004871703218668699
0,14399,,0.04678427428007126,0.0002534161030780524,,0.04678427428007126
0,14499,,0.04606539011001587,0.00025270419428125024,,0.04606539011001587
0,14599,,0.05682877078652382,0.0002519878908060491,,0.05682877078652382
0,14699,,0.014469511806964874,0.0002512672508601099,,0.014469511806964874
0,14799,,0.003212369978427887,0.00025054230354726315,,0.003212369978427887
0,14899,,0.05314145237207413,0.00024981304886750877,,0.05314145237207413
0,14999,,0.050764039158821106,0.0002490795450285077,,0.050764039158821106
0,15099,,0.06672251224517822,0.0002483418211340904,,0.06672251224517822
0,15199,,0.03466789424419403,0.0002475999353919178,,0.03466789424419403
0,15299,,0.036803387105464935,0.00024685385869815946,,0.036803387105464935
0,15399,,0.03736226260662079,0.00024610364926047623,,0.03736226260662079
0,15499,,0.04978075623512268,0.00024534936528652906,,0.04978075623512268
0,15599,,0.010735670104622841,0.00024459100677631795,,0.010735670104622841
0,15699,,0.034307461231946945,0.00024382861738558859,,0.034307461231946945
0,15799,,0.009942380711436272,0.00024306222621817142,,0.009942380711436272
0,15899,,0.04275375232100487,0.00024229187692981213,,0.04275375232100487
0,15999,,0.004643804859369993,0.0002415175986243412,,0.004643804859369993
0,16099,,0.006003378424793482,0.00024073942040558904,,0.006003378424793482
0,16199,,0.007347871083766222,0.00023995737137738615,,0.007347871083766222
0,16299,,0.03505421802401543,0.0002391714951954782,,0.03505421802401543
0,16399,,0.048575256019830704,0.00023838180641178042,,0.048575256019830704
0,16499,,0.003623510943725705,0.00023758836323395371,,0.003623510943725705
0,16599,,0.039430439472198486,0.00023679119476582855,,0.039430439472198486
0,16699,,0.04143279045820236,0.00023599033011123538,,0.04143279045820236
0,16799,,0.055678002536296844,0.00023518579837400466,,0.055678002536296844
0,16899,,0.04552768915891647,0.00023437764320988208,,0.04552768915891647
0,16999,,0.003551559057086706,0.00023356587917078286,,0.003551559057086706
0,17099,,0.07065712660551071,0.00023275057901628315,,0.07065712660551071
0,17199,,0.018119264394044876,0.00023193174274638295,,0.018119264394044876
0,17299,,0.02341008186340332,0.00023110941401682794,,0.02341008186340332
0,17399,,0.028489720076322556,0.00023028365103527904,,0.028489720076322556
0,17499,,0.008094636723399162,0.00022945445380173624,,0.008094636723399162
0,17599,,0.04925202578306198,0.00022862188052386045,,0.04925202578306198
0,17699,,0.03364080563187599,0.00022778596030548215,,0.03364080563187599
0,17799,,0.029844937846064568,0.00022694672225043178,,0.029844937846064568
0,17899,,0.05022604018449783,0.00022610422456637025,,0.05022604018449783
0,17999,,0.02629663795232773,0.00022525846725329757,,0.02629663795232773
0,18099,,0.0071281976997852325,0.00022440952307078987,,0.0071281976997852325
0,18199,,0.004071816802024841,0.0002235574065707624,,0.004071816802024841
0,18299,,0.009548629634082317,0.00022270217596087605,,0.009548629634082317
0,18399,,0.004489672835916281,0.00022184383124113083,,0.004489672835916281
0,18499,,0.033366795629262924,0.00022098244517110288,,0.033366795629262924
0,18599,,0.06482386589050293,0.00022011803230270743,,0.06482386589050293
0,18699,,0.004135867580771446,0.00021925063629169017,,0.004135867580771446
0,18799,,0.05757332593202591,0.00021838030079379678,,0.05757332593202591
0,18899,,0.0023792311549186707,0.0002175070549128577,,0.0023792311549186707
0,18999,,0.0184415802359581,0.00021663092775270343,,0.0184415802359581
0,19099,,0.023998122662305832,0.00021575199207291007,,0.023998122662305832
0,19199,,0.029339835047721863,0.0002148702333215624,,0.029339835047721863
0,19299,,0.0350785069167614,0.00021398573881015182,,0.0350785069167614
0,19399,,0.026010366156697273,0.00021309852309059352,,0.026010366156697273
0,19499,,0.026745978742837906,0.00021220861526671797,,0.026745978742837906
0,19599,,0.05844070017337799,0.0002113160735461861,,0.05844070017337799
0,19699,,0.022831939160823822,0.0002104209124809131,,0.022831939160823822
0,19799,,0.07491473853588104,0.00020952319027855992,,0.07491473853588104
0,19899,,0.02977275289595127,0.00020862295059487224,,0.02977275289595127
0,19999,,0.033629585057497025,0.00020772020798176527,,0.033629585057497025
0,20099,,0.03150239959359169,0.00020681502064689994,,0.03150239959359169
0,20199,,0.017978567630052567,0.0002059074176941067,,0.017978567630052567
0,20299,,0.032724201679229736,0.00020499745733104646,,0.032724201679229736
0,20399,,0.0448518767952919,0.00020408513955771923,,0.0448518767952919
0,20499,,0.005142516456544399,0.00020317053713370115,,0.005142516456544399
0,20599,,0.02752704545855522,0.00020225367916282266,,0.02752704545855522
0,20699,,0.03511105477809906,0.00020133460930082947,,0.03511105477809906
0,20799,,0.0033990396186709404,0.0002004133420996368,,0.0033990396186709404
0,20899,,0.02040674164891243,0.00019948995031882077,,0.02040674164891243
0,20999,,0.037410371005535126,0.00019856446306221187,,0.037410371005535126
0,21099,,0.0386408194899559,0.00019763690943364054,,0.0386408194899559
0,21199,,0.025057390332221985,0.0001967073476407677,,0.025057390332221985
0,21299,,0.026104815304279327,0.00019577579223550856,,0.026104815304279327
0,21399,,0.02933621220290661,0.00019484231597743928,,0.02933621220290661
0,21499,,0.0425262451171875,0.00019390691886655986,,0.0425262451171875
0,21599,,0.00791509822010994,0.00019296967366244644,,0.00791509822010994
0,21699,,0.04275483265519142,0.00019203060946892947,,0.04275483265519142
0,21799,,0.011910493485629559,0.00019108976994175464,,0.011910493485629559
0,21899,,0.019456833600997925,0.0001901471841847524,,0.019456833600997925
0,21999,,0.021521329879760742,0.00018920289585366845,,0.021521329879760742
0,22099,,0.04270528629422188,0.0001882569631561637,,0.04270528629422188
0,22199,,0.0037090936675667763,0.00018730940064415336,,0.0037090936675667763
0,22299,,0.03764275088906288,0.00018636026652529836,,0.03764275088906288
0,22399,,0.013910460285842419,0.00018540958990342915,,0.013910460285842419
0,22499,,0.0016747147310525179,0.00018445742898620665,,0.0016747147310525179
0,22599,,0.028953390195965767,0.00018350381287746131,,0.028953390195965767
0,22699,,0.038963478058576584,0.0001825487706810236,,0.038963478058576584
0,22799,,0.021613171324133873,0.00018159237515646964,,0.021613171324133873
0,22899,,0.024619489908218384,0.00018063462630379945,,0.024619489908218384
0,22999,,0.020583756268024445,0.00017967559688258916,,0.020583756268024445
0,23099,,0.0031728448811918497,0.00017871531599666923,,0.0031728448811918497
0,23199,,0.02425527758896351,0.00017775382730178535,,0.02425527758896351
0,23299,,0.002501714276149869,0.0001767911744536832,,0.002501714276149869
0,23399,,0.029967326670885086,0.00017582740110810846,,0.029967326670885086
0,23499,,0.021636860445141792,0.00017486252181697637,,0.021636860445141792
0,23599,,0.017895972356200218,0.0001738966238917783,,0.017895972356200218
0,23699,,0.00662875035777688,0.00017292970733251423,,0.00662875035777688
0,23799,,0.04149823635816574,0.0001719618303468451,,0.04149823635816574
0,23899,,0.02389535866677761,0.00017099303659051657,,0.02389535866677761
0,23999,,0.03479265794157982,0.00017002336971927434,,0.03479265794157982
0,24099,,0.03629857301712036,0.00016905285883694887,,0.03629857301712036
0,24199,,0.04757270961999893,0.00016808156215120107,,0.04757270961999893
0,24299,,0.016947956755757332,0.0001671095087658614,,0.016947956755757332
0,24399,,0.003552798880264163,0.00016613674233667552,,0.003552798880264163
0,24499,,0.027783861383795738,0.00016516330651938915,,0.027783861383795738
0,24599,,0.0048274812288582325,0.00016418923041783273,,0.0048274812288582325
0,24699,,0.00358751742169261,0.0001632145867915824,,0.00358751742169261
0,24799,,0.01432292815297842,0.0001622393901925534,,0.01432292815297842
0,24899,,0.024304380640387535,0.0001612636842764914,,0.024304380640387535
0,24999,,0.002392629161477089,0.00016028752725105733,,0.002392629161477089
0,25099,,0.026076527312397957,0.00015931094822008163,,0.026076527312397957
0,25199,,0.02865360677242279,0.00015833399083931,,0.02865360677242279
0,25299,,0.02118663117289543,0.0001573566987644881,,0.02118663117289543
0,25399,,0.030511360615491867,0.00015637911565136164,,0.030511360615491867
0,25499,,0.003505307249724865,0.0001554012851556763,,0.003505307249724865
0,25599,,0.029719796031713486,0.00015442323638126254,,0.029719796031713486
0,25699,,0.012038913555443287,0.00015344501298386604,,0.012038913555443287
0,25799,,0.006831576582044363,0.0001524666731711477,,0.006831576582044363
0,25899,,0.030137142166495323,0.000151488246046938,,0.030137142166495323
0,25999,,0.010853000916540623,0.00015050978981889784,,0.010853000916540623
0,26099,,0.027238566428422928,0.00014953131903894246,,0.027238566428422928
0,26199,,0.02196231670677662,0.00014855289191473275,,0.02196231670677662
0,26299,,0.02468251623213291,0.00014757455210201442,,0.02468251623213291
0,26399,,0.03244443237781525,0.00014659632870461792,,0.03244443237781525
0,26499,,0.024041367694735527,0.00014561827993020415,,0.024041367694735527
0,26599,,0.0026104687713086605,0.00014464043488260359,,0.0026104687713086605
0,26699,,0.0179140605032444,0.0001436628372175619,,0.0179140605032444
0,26799,,0.006096943281590939,0.00014268554514274,,0.006096943281590939
0,26899,,0.0018241195939481258,0.00014170858776196837,,0.0018241195939481258
0,26999,,0.03988207131624222,0.00014073199417907745,,0.03988207131624222
0,27099,,0.007070982363075018,0.00013975582260172814,,0.007070982363075018
0,27199,,0.020976785570383072,0.00013878011668566614,,0.020976785570383072
0,27299,,0.016701843589544296,0.00013780492008663714,,0.016701843589544296
0,27399,,0.03012073040008545,0.00013683024735655636,,0.03012073040008545
0,27499,,0.01618410460650921,0.00013585617125499994,,0.01618410460650921
0,27599,,0.018309595063328743,0.00013488272088579834,,0.018309595063328743
0,27699,,0.0034906482324004173,0.00013390993990469724,,0.0034906482324004173
0,27799,,0.010497357696294785,0.00013293787196744233,,0.010497357696294785
0,27899,,0.0415346585214138,0.0001319665607297793,,0.0415346585214138
0,27999,,0.003935013897716999,0.0001309960352955386,,0.003935013897716999
0,28099,,0.015086548402905464,0.00013002635387238115,,0.015086548402905464
0,28199,,0.0020187757909297943,0.00012905753101222217,,0.0020187757909297943
0,28299,,0.02412017434835434,0.0001280896394746378,,0.02412017434835434
0,28399,,0.00277953059412539,0.00012712270836345851,,0.00277953059412539
0,28499,,0.02520807459950447,0.00012615678133442998,,0.02520807459950447
0,28599,,0.008057055063545704,0.00012519188749138266,,0.008057055063545704
0,28699,,0.0025319261476397514,0.00012422808504197747,,0.0025319261476397514
0,28799,,0.01590276136994362,0.00012326540309004486,,0.01590276136994362
0,28899,,0.010101156309247017,0.00012230389984324574,,0.010101156309247017
0,28999,,0.016757138073444366,0.00012134359712945297,,0.016757138073444366
0,29099,,0.01574801653623581,0.00012038453860441223,,0.01574801653623581
0,29199,,0.015345515683293343,0.00011942677519982681,,0.015345515683293343
0,29299,,0.031006690114736557,0.00011847033601952717,,0.031006690114736557
0,29399,,0.0018908302299678326,0.00011751527927117422,,0.0018908302299678326
0,29499,,0.021993454545736313,0.00011656162678264081,,0.021993454545736313
0,29599,,0.002311187796294689,0.00011560942948563024,,0.002311187796294689
0,29699,,0.017788918688893318,0.0001146587310358882,,0.017788918688893318
0,29799,,0.0029393138829618692,0.00011370956781320274,,0.0029393138829618692
0,29899,,0.03691206872463226,0.00011276197619736195,,0.03691206872463226
0,29999,,0.0017311784904450178,0.00011181600712006912,,0.0017311784904450178
0,30099,,0.015110544860363007,0.0001108716896851547,,0.015110544860363007
0,30199,,0.02347586676478386,0.0001099290675483644,,0.02347586676478386
0,30299,,0.012770569883286953,0.0001089881916414015,,0.012770569883286953
0,30399,,0.009782882407307625,0.00010804909106809646,,0.009782882407307625
0,30499,,0.010103980079293251,0.00010711180220823735,,0.010103980079293251
0,30599,,0.02618240937590599,0.00010617637599352747,,0.02618240937590599
0,30699,,0.0030203755013644695,0.00010524285607971251,,0.0030203755013644695
0,30799,,0.020055554807186127,0.00010431126429466531,,0.020055554807186127
0,30899,,0.012715660035610199,0.00010338165884604678,,0.012715660035610199
0,30999,,0.010864747688174248,0.00010245406883768737,,0.010864747688174248
0,31099,,0.0035735841374844313,0.00010152853064937517,,0.0035735841374844313
0,31199,,0.0035889935679733753,0.00010060509521281347,,0.0035889935679733753
0,31299,,0.0040577915497124195,9.968379890779033e-05,,0.0040577915497124195
0,31399,,0.009788419120013714,9.876467811409384e-05,,0.009788419120013714
0,31499,,0.00837307795882225,9.784777648746967e-05,,0.00837307795882225
0,31599,,0.008929090574383736,9.693312313174829e-05,,0.008929090574383736
0,31699,,0.006175190210342407,9.602076897863299e-05,,0.006175190210342407
0,31799,,0.03530671447515488,9.511075040791184e-05,,0.03530671447515488
0,31899,,0.015541533008217812,9.420310379937291e-05,,0.015541533008217812
0,31999,,0.03865286707878113,9.329786553280428e-05,,0.03865286707878113
0,32099,,0.007815469056367874,9.239507926395163e-05,,0.007815469056367874
0,32199,,0.023225806653499603,9.149478137260303e-05,,0.023225806653499603
0,32299,,0.014534556306898594,9.059701551450416e-05,,0.014534556306898594
0,32399,,0.017770804464817047,8.970181079348549e-05,,0.017770804464817047
0,32499,,0.011012425646185875,8.88092108652927e-05,,0.011012425646185875
0,32599,,0.0021260466892272234,8.791925210971385e-05,,0.0021260466892272234
0,32699,,0.0029735921416431665,8.703197818249464e-05,,0.0029735921416431665
0,32799,,0.011438664980232716,8.614742546342313e-05,,0.011438664980232716
0,32899,,0.001672887708991766,8.526562305632979e-05,,0.001672887708991766
0,32999,,0.022183261811733246,8.438661461696029e-05,,0.022183261811733246
0,33099,,0.024694714695215225,8.351044380106032e-05,,0.024694714695215225
0,33199,,0.03399258106946945,8.263713971246034e-05,,0.03399258106946945
0,33299,,0.003391752950847149,8.176673873094842e-05,,0.003391752950847149
0,33399,,0.0018177733290940523,8.089929178822786e-05,,0.0018177733290940523
0,33499,,0.0039023589342832565,8.00348207121715e-05,,0.0039023589342832565
0,33599,,0.007203555665910244,7.91733618825674e-05,,0.007203555665910244
0,33699,,0.012593226507306099,7.831496623111889e-05,,0.012593226507306099
0,33799,,0.0017137019895017147,7.74596628616564e-05,,0.0017137019895017147
0,33899,,0.021209415048360825,7.6607488153968e-05,,0.021209415048360825
0,33999,,0.0018659327179193497,7.575847121188417e-05,,0.0018659327179193497
0,34099,,0.01712915673851967,7.491266296710819e-05,,0.01712915673851967
0,34199,,0.007416998036205769,7.407009252347052e-05,,0.007416998036205769
0,34299,,0.015026512555778027,7.323079626075923e-05,,0.015026512555778027
0,34399,,0.010417606681585312,7.23948105587624e-05,,0.010417606681585312
0,34499,,0.024064801633358,7.156216452131048e-05,,0.024064801633358
0,34599,,0.02393190935254097,7.073290180414915e-05,,0.02393190935254097
0,34699,,0.02517731860280037,6.990705878706649e-05,,0.02517731860280037
0,34799,,0.01415188331156969,6.908467184985057e-05,,0.01415188331156969
0,34899,,0.011407993733882904,6.826577009633183e-05,,0.011407993733882904
0,34999,,0.0026227463968098164,6.745038263034075e-05,,0.0026227463968098164
0,35099,,0.005641116760671139,6.663856038358063e-05,,0.005641116760671139
0,35199,,0.008893720805644989,6.58303324598819e-05,,0.008893720805644989
0,35299,,0.0025597624480724335,6.502572796307504e-05,,0.0025597624480724335
0,35399,,0.009585616178810596,6.422478327294812e-05,,0.009585616178810596
0,35499,,0.022334706038236618,6.34275347692892e-05,,0.022334706038236618
0,35599,,0.0014343226794153452,6.263401883188635e-05,,0.0014343226794153452
0,35699,,0.007864639163017273,6.184426456457004e-05,,0.007864639163017273
0,35799,,0.05680874362587929,6.105831562308595e-05,,0.05680874362587929
0,35899,,0.01737932860851288,6.0276190197328106e-05,,0.01737932860851288
0,35999,,0.01820731908082962,5.94979283050634e-05,,0.01820731908082962
0,36099,,0.0065315538085997105,5.87235699640587e-05,,0.0065315538085997105
0,36199,,0.013082804158329964,5.795314064016566e-05,,0.013082804158329964
0,36299,,0.015828531235456467,5.718667307519354e-05,,0.015828531235456467
0,36399,,0.0026240358129143715,5.642420728690922e-05,,0.0026240358129143715
0,36499,,0.00372177641838789,5.5665768741164356e-05,,0.00372177641838789
0,36599,,0.01600123941898346,5.491139381774701e-05,,0.01600123941898346
0,36699,,0.01397768035531044,5.4161111620487645e-05,,0.01397768035531044
0,36799,,0.016541151329874992,5.341495852917433e-05,,0.016541151329874992
0,36899,,0.001339661655947566,5.2672963647637516e-05,,0.001339661655947566
0,36999,,0.010062199085950851,5.193515607970767e-05,,0.010062199085950851
0,37099,,0.01829502359032631,5.120157584315166e-05,,0.01829502359032631
0,37199,,0.01374428067356348,5.0472244765842333e-05,,0.01374428067356348
0,37299,,0.009603336453437805,4.974720286554657e-05,,0.009603336453437805
0,37399,,0.01621907204389572,4.9026475608116016e-05,,0.01621907204389572
0,37499,,0.004328377544879913,4.831009209738113e-05,,0.004328377544879913
0,37599,,0.0015177913010120392,4.759808871312998e-05,,0.0015177913010120392
0,37699,,0.02276347205042839,4.689049455919303e-05,,0.02276347205042839
0,37799,,0.0225452221930027,4.618733510142192e-05,,0.0225452221930027
0,37899,,0.02012733370065689,4.548864671960473e-05,,0.02012733370065689
0,37999,,0.014164138585329056,4.4794454879593104e-05,,0.014164138585329056
0,38099,,0.0017985559534281492,4.410479232319631e-05,,0.0017985559534281492
0,38199,,0.007118357811123133,4.3419688154244795e-05,,0.007118357811123133
0,38299,,0.01104729250073433,4.273916783859022e-05,,0.01104729250073433
0,38399,,0.007135724648833275,4.206326775602065e-05,,0.007135724648833275
0,38499,,0.001225312240421772,4.139200973440893e-05,,0.001225312240421772
0,38599,,0.002869230229407549,4.072542651556432e-05,,0.002869230229407549
0,38699,,0.009193765930831432,4.0063547203317285e-05,,0.009193765930831432
0,38799,,0.00199278281070292,3.9406397263519466e-05,,0.00199278281070292
0,38899,,0.022207772359251976,3.875400580000132e-05,,0.022207772359251976
0,38999,,0.0027334641199558973,3.810640191659331e-05,,0.0027334641199558973
0,39099,,0.0061821723356842995,3.7463611079147086e-05,,0.0061821723356842995
0,39199,,0.005928950849920511,3.68256623914931e-05,,0.005928950849920511
0,39299,,0.00533550139516592,3.6192584957461804e-05,,0.00533550139516592
0,39399,,0.00839879922568798,3.556440424290486e-05,,0.00839879922568798
0,39499,,0.021619610488414764,3.4941145713673905e-05,,0.021619610488414764
0,39599,,0.008243860676884651,3.4322838473599404e-05,,0.008243860676884651
0,39699,,0.010770164430141449,3.37095043505542e-05,,0.010770164430141449
0,39799,,0.0014734683791175485,3.310117608634755e-05,,0.0014734683791175485
0,39899,,0.011372850276529789,3.24978755088523e-05,,0.011372850276529789
0,39999,,0.0013465248048305511,3.189963172189891e-05,,0.0013465248048305511
0,40099,,0.00855386070907116,3.1306466553360224e-05,,0.00855386070907116
0,40199,,0.002082433318719268,3.071840910706669e-05,,0.002082433318719268
0,40299,,0.02544715255498886,3.013548302988056e-05,,0.02544715255498886
0,40399,,0.004757973365485668,2.9557710149674676e-05,,0.004757973365485668
0,40499,,0.010003919713199139,2.8985119570279494e-05,,0.010003919713199139
0,40599,,0.018044594675302505,2.841773493855726e-05,,0.018044594675302505
0,40699,,0.006304155103862286,2.785557990137022e-05,,0.006304155103862286
0,40799,,0.008774179965257645,2.729867810558062e-05,,0.008774179965257645
0,40899,,0.005630332976579666,2.6747053198050708e-05,,0.005630332976579666
0,40999,,0.013595247641205788,2.6200728825642727e-05,,0.013595247641205788
0,41099,,0.011300530284643173,2.565973045420833e-05,,0.011300530284643173
0,41199,,0.03066379204392433,2.5124079911620356e-05,,0.03066379204392433
0,41299,,0.02589430846273899,2.459379902575165e-05,,0.02589430846273899
0,41399,,0.014867563731968403,2.4068911443464458e-05,,0.014867563731968403
0,41499,,0.016999874264001846,2.3549440811621025e-05,,0.016999874264001846
0,41599,,0.017135830596089363,2.3035408958094195e-05,,0.017135830596089363
0,41699,,0.011649016290903091,2.2526835891767405e-05,,0.011649016290903091
0,41799,,0.0059036677703261375,2.2023745259502903e-05,,0.0059036677703261375
0,41899,,0.0029315324500203133,2.1526157070184126e-05,,0.0029315324500203133
0,41999,,0.0075644380412995815,2.1034094970673323e-05,,0.0075644380412995815
0,42099,,0.0012022063601762056,2.054757896985393e-05,,0.0012022063601762056
0,42199,,0.01898738369345665,2.0066629076609388e-05,,0.01898738369345665
0,42299,,0.017702702432870865,1.9591265299823135e-05,,0.017702702432870865
0,42399,,0.0010993708856403828,1.9121511286357418e-05,,0.0010993708856403828
0,42499,,0.01567869633436203,1.8657383407116868e-05,,0.01567869633436203
0,42599,,0.0018315799534320831,1.819890530896373e-05,,0.0018315799534320831
0,42699,,0.00947168655693531,1.7746091543813236e-05,,0.00947168655693531
0,42799,,0.017863679677248,1.7298967577517033e-05,,0.017863679677248
0,42899,,0.010320575907826424,1.685754796199035e-05,,0.010320575907826424
0,42999,,0.0014283141354098916,1.6421852706116624e-05,,0.0014283141354098916
0,43099,,0.012216087430715561,1.5991901818779297e-05,,0.012216087430715561
0,43199,,0.005927881225943565,1.5567713489872403e-05,,0.005927881225943565
0,43299,,0.0014161202125251293,1.5149303180805873e-05,,0.0014161202125251293
0,43399,,0.00546740647405386,1.4736692719452549e-05,,0.00546740647405386
0,43499,,0.009206915274262428,1.4329896657727659e-05,,0.009206915274262428
0,43599,,0.005334441550076008,1.392893409501994e-05,,0.005334441550076008
0,43699,,0.008914560079574585,1.3533822311728727e-05,,0.008914560079574585
0,43799,,0.007775959093123674,1.314457676926395e-05,,0.007775959093123674
0,43899,,0.011543834581971169,1.2761215657519642e-05,,0.011543834581971169
0,43999,,0.013054171577095985,1.2383754437905736e-05,,0.013054171577095985
0,44099,,0.0040563312359154224,1.2012210390821565e-05,,0.0040563312359154224
0,44199,,0.0013713045045733452,1.1646598068182357e-05,,0.0013713045045733452
0,44299,,0.0012203181395307183,1.1286933840892743e-05,,0.0012203181395307183
0,44399,,0.00988533440977335,1.0933233170362655e-05,,0.00988533440977335
0,44499,,0.0018988600932061672,1.058551060850732e-05,,0.0018988600932061672
0,44599,,0.0013197548687458038,1.0243782526231371e-05,,0.0013197548687458038
0,44699,,0.00990324281156063,9.908061656460632e-06,,0.00990324281156063
0,44799,,0.008320771157741547,9.578363460605033e-06,,0.008320771157741547
0,44899,,0.017834648489952087,9.254702490579803e-06,,0.017834648489952087
0,44999,,0.01438384409993887,8.937091479310766e-06,,0.01438384409993887
0,45099,,0.020851247012615204,8.62554406921845e-06,,0.020851247012615204
0,45199,,0.02490692399442196,8.320074812218081e-06,,0.02490692399442196
0,45299,,0.015839336439967155,8.020695531740785e-06,,0.015839336439967155
0,45399,,0.017186883836984634,7.727419870207086e-06,,0.017186883836984634
0,45499,,0.002138494048267603,7.440260560542811e-06,,0.002138494048267603
0,45599,,0.015667624771595,7.15922897143173e-06,,0.015667624771595
0,45699,,0.012097964063286781,6.88433783579967e-06,,0.012097964063286781
0,45799,,0.0132292490452528,6.6155985223304015e-06,,0.0132292490452528
0,45899,,0.0016280479030683637,6.353022854455048e-06,,0.0016280479030683637
0,45999,,0.01160778384655714,6.096621746110031e-06,,0.01160778384655714
0,46099,,0.0016818665899336338,5.846406565979123e-06,,0.0016818665899336338
0,46199,,0.015047062188386917,5.602387773251394e-06,,0.015047062188386917
0,46299,,0.00820471066981554,5.364576281863265e-06,,0.00820471066981554
0,46399,,0.0016913384897634387,5.1329816415091045e-06,,0.0016913384897634387
0,46499,,0.024718783795833588,4.907613856630633e-06,,0.024718783795833588
0,46599,,0.012154311873018742,4.688482931669569e-06,,0.012154311873018742
0,46699,,0.012244347482919693,4.47559796157293e-06,,0.012244347482919693
0,46799,,0.011320041492581367,4.268968496035086e-06,,0.011320041492581367
0,46899,,0.010775698348879814,4.068602720508352e-06,,0.010775698348879814
0,46999,,0.0018597126472741365,3.874509729939746e-06,,0.0018597126472741365
0,47099,,0.005273997783660889,3.6866977097815834e-06,,0.005273997783660889
0,47199,,0.008045933209359646,3.505174845486181e-06,,0.008045933209359646
0,47299,,0.00665705930441618,3.3299484130111523e-06,,0.00665705930441618
0,47399,,0.016295019537210464,3.1610265978088137e-06,,0.016295019537210464
0,47499,,0.0011588665656745434,2.998415993715753e-06,,0.0011588665656745434
0,47599,,0.017284756526350975,2.8421241040632594e-06,,0.017284756526350975
0,47699,,0.018112050369381905,2.692157295314246e-06,,0.018112050369381905
0,47799,,0.014717476442456245,2.5485219339316245e-06,,0.014717476442456245
0,47899,,0.014731156639754772,2.4112246137519833e-06,,0.014731156639754772
0,47999,,0.0023528756573796272,2.2802707917435328e-06,,0.0023528756573796272
0,48099,,0.01078840997070074,2.155666152248159e-06,,0.01078840997070074
0,48199,,0.00844905711710453,2.037416152234073e-06,,0.00844905711710453
0,48299,,0.0013521949294954538,1.9255257939221337e-06,,0.0013521949294954538
0,48399,,0.02235393412411213,1.8199997384726885e-06,,0.02235393412411213
0,48499,,0.007733524776995182,1.7208427607329213e-06,,0.007733524776995182
0,48599,,0.010103807784616947,1.6280589534289902e-06,,0.010103807784616947
0,48699,,0.0013158509973436594,1.5416524092870532e-06,,0.0013158509973436594
0,48799,,0.005619898438453674,1.4616266525990795e-06,,0.005619898438453674
0,48899,,0.012593142688274384,1.3879852076570387e-06,,0.012593142688274384
0,48999,,0.009213456884026527,1.3207312576923869e-06,,0.009213456884026527
0,49099,,0.009839596226811409,1.259867644876067e-06,,0.009839596226811409
0,49199,,0.001499321311712265,1.205396984005347e-06,,0.001499321311712265
0,49299,,0.011610726825892925,1.1573215488169808e-06,,0.011610726825892925
0,49399,,0.017025932669639587,1.1156434993608855e-06,,0.017025932669639587
0,49499,,0.0012090133968740702,1.0803646546264645e-06,,0.0012090133968740702
0,49599,,0.00799759104847908,1.0514863788557705e-06,,0.00799759104847908
0,49699,,0.016769234091043472,1.0290099226040184e-06,,0.016769234091043472
0,49799,,0.012460147961974144,1.0129364227395854e-06,,0.012460147961974144
0,49899,,0.009265325963497162,1.0032664476966602e-06,,0.009265325963497162
0,49999,,0.015076064504683018,1.0000003385357559e-06,,0.015076064504683018
0,49999,0.033564504235982895,,,0.033564504235982895,
